{"Accels": [1.0, 1.0, 1.0], "AccelBias": [0.0, 0.0, 0.0], "GyroBias": [0.003988144586650663, 0.018790219787054203, -0.022565308235519863], "Mags": [1.0, 1.0, 1.0], "MagBias": [-4.811143813050417, 1.734957135312812, -4.003552502264524], "Magtransform": [[0.8077231313796541, 0.1507446632404869, -0.026719148087554018], [0.1507446632404869, 0.9125613568504296, -0.057252445162246736], [-0.026719148087554014, -0.05725244516224672, 1.4038015586471617]]}