{"Accels": [1.0, 1.0, 1.0], "AccelBias": [0.0, 0.0, 0.0], "GyroBias": [0.01077797739043418, 0.014493143800035333, -0.016419970249746008], "Mags": [1.0, 1.0, 1.0], "MagBias": [-1.3037124564433895, 3.628094784389062, -1.204899865842561], "Magtransform": [[0.8073715832776891, 0.33434850589317505, 0.026607246151229506], [0.33434850589317494, 1.5431309082374627, 0.3657182654583337], [0.026607246151229526, 0.3657182654583337, 0.9722070233659851]]}