{"Accels": [1.0087571605277263, 1.0104911347173466, 1.0000393462780979], "AccelBias": [-0.04158526298541923, 0.10318324423550891, 0.8496202820616429], "GyroBias": [-0.001577946941833943, -0.01151701525785029, 0.005925623513758182], "Mags": [1.0, 1.0, 1.0], "MagBias": [-1.2270148561718193, 0.4883027324793482, -5.415737720528434], "Magtransform": [[0.8933613738340341, 0.5065674500686999, 0.11160178218259834], [0.5065674500686999, 1.7702504360607956, 0.33875874724151506], [0.1116017821825983, 0.338758747241515, 0.8199080384977022]]}