{"Accels": [1.0110988469586621, 1.0100619108830926, 0.9998724281311754], "AccelBias": [-0.07485720535924363, 0.11907672400299074, 0.8343033905004142], "GyroBias": [-0.006791164032183588, -0.010809935247525573, 0.010454397862777114], "Mags": [1.0, 1.0, 1.0], "MagBias": [1.4464485372364384, 3.6580012550749603, -5.219104864924855], "Magtransform": [[1.042930255089462, 0.05505137925337509, -0.02694895089708539], [0.055051379253375, 1.1095665562425931, -0.10089011601502147], [-0.026948950897085388, -0.1008901160150215, 0.8760601678947542]]}
