{"Accels": [1.0, 1.0, 1.0], "AccelBias": [0.0, 0.0, 0.0], "GyroBias": [0.010045596915423245, 0.013892591810526298, -0.016328089790153728], "Mags": [1.0, 1.0, 1.0], "MagBias": [-2.164511612119234, 1.2103090832317907, -2.488666737948727], "Magtransform": [[0.8590557440935308, -0.049029983042639134, 0.10141473341363988], [-0.04902998304263913, 1.2836795292484289, -0.005587029136100629], [0.10141473341363988, -0.005587029136100618, 0.9207755399068062]]}